Wk,Day,Family,OT1,OT2,OT3,Full OT,Psalms,NT
,,,,,,,,
1,Mon,Genesis 1,Genesis 1,2 Samuel 1,1 Chronicles 1,Genesis 1-3,1-2,Mark 1
,Tue,Genesis 2,Genesis 2,2 Samuel 2,1 Chronicles 2,Genesis 4-6,3,Mark 2
,Wed,Genesis 3,Genesis 3,2 Samuel 3,1 Chronicles 3,Genesis 7-9,4,Mark 3
,Thu,Genesis 4,Genesis 4,2 Samuel 4,1 Chronicles 4,Genesis 10-12,5,Mark 4
,Fri,Genesis 5,Genesis 5,2 Samuel 5,1 Chronicles 5,Genesis 13-15,6,Mark 5
,,,,,,,,
2,Mon,Genesis 6,Genesis 6,2 Samuel 6,1 Chronicles 6,Genesis 16-18,7,Mark 6
,Tue,Genesis 7,Genesis 7,2 Samuel 7,1 Chronicles 7,Genesis 19-21,8,Mark 7
,Wed,Genesis 8,Genesis 8,2 Samuel 8,1 Chronicles 8,Genesis 22-24,9-10,Mark 8
,Thu,Genesis 9,Genesis 9,2 Samuel 9,1 Chronicles 9,Genesis 25-27,11,Mark 9
,Fri,Genesis 10,Genesis 10,2 Samuel 10,1 Chronicles 10,Genesis 28-30,12,Mark 10
,,,,,,,,
3,Mon,Genesis 11,Genesis 11,2 Samuel 11,1 Chronicles 11,Genesis 31-33,13-14,Mark 11
,Tue,Genesis 12,Genesis 12,2 Samuel 12,1 Chronicles 12,Genesis 34-36,15,Mark 12
,Wed,Genesis 13,Genesis 13,2 Samuel 13,1 Chronicles 13,Genesis 37-39,16,Mark 13
,Thu,Genesis 14,Genesis 14,2 Samuel 14,1 Chronicles 14,Genesis 40-42,17,Mark 14
,Fri,Genesis 15,Genesis 15,2 Samuel 15,1 Chronicles 15,Genesis 43-45,18,Mark 15
,,,,,,,,
4,Mon,Exodus 1,Genesis 16,2 Samuel 16,1 Chronicles 16,Genesis 46-48,19,Mark 16
,Tue,Exodus 2,Genesis 17,2 Samuel 17,1 Chronicles 17,Genesis 49-50,20,James 1
,Wed,Exodus 3,Genesis 18,2 Samuel 18,1 Chronicles 18,Exodus 1-4 ,21,James 2
,Thu,Exodus 4,Genesis 19,2 Samuel 19,1 Chronicles 19,Exodus 5-7,22,James 3
,Fri,Exodus 5,Genesis 20,2 Samuel 20,1 Chronicles 20,Exodus 8-10,23-24,James 4
,,,,,,,,
5,Mon,Exodus 6,Genesis 21,2 Samuel 21,1 Chronicles 21,Exodus 11-13,25,James 5
,Tue,Exodus 7,Genesis 22,2 Samuel 22,1 Chronicles 22,Exodus 14-16,26,Galatians 1
,Wed,Exodus 8,Genesis 23,2 Samuel 23,1 Chronicles 23,Exodus 17-19,27,Galatians 2
,Thu,Exodus 9,Genesis 24,2 Samuel 24,1 Chronicles 24,Exodus 20-22,28-29,Galatians 3
,Fri,Exodus 10,Genesis 25,1 Kings 1,1 Chronicles 25,Exodus 23-25,30,Galatians 4
,,,,,,,,
6,Mon,Exodus 11,Genesis 26,1 Kings 2,1 Chronicles 26,Exodus 26-28,31,Galatians 5
,Tue,Exodus 12,Genesis 27,1 Kings 3,1 Chronicles 27,Exodus 29-31,32,Galatians 6
,Wed,Exodus 13,Genesis 28,1 Kings 4,1 Chronicles 28,Exodus 32-34,33,1 Thessalonians 1
,Thu,Exodus 14,Genesis 29,1 Kings 5,1 Chronicles 29,Exodus 35-37,34,1 Thessalonians 2
,Fri,Exodus 15,Genesis 30,1 Kings 6,,Exodus 38-40,35,1 Thessalonians 3
,,,,,,,,
7,Mon,Exodus 16,Genesis 31,1 Kings 7,2 Chronicles 1,Leviticus 1-3,36,1 Thessalonians 4
,Tue,Exodus 17,Genesis 32,1 Kings 8,2 Chronicles 2,Leviticus 4-6,37,1 Thessalonians 5
,Wed,Exodus 18,Genesis 33,1 Kings 9,2 Chronicles 3,Leviticus 7-9,38,2 Thessalonians 1
,Thu,Exodus 19,Genesis 34,1 Kings 10,2 Chronicles 4,Leviticus 10-12,39,2 Thessalonians 2
,Fri,Exodus 20,Genesis 35,1 Kings 11,2 Chronicles 5,Leviticus 13-15,40,2 Thessalonians 3
,,,,,,,,
8,Mon,Leviticus 16,Genesis 36,Proverbs 1,2 Chronicles 6,Leviticus 16-18,41,1 Corinthians 1
,Tue,Deuteronomy 1,Genesis 37,Proverbs 2,2 Chronicles 7,Leviticus 19-21,42-43,1 Corinthians 2
,Wed,Deuteronomy 2,Genesis 38,Proverbs 3,2 Chronicles 8,Leviticus 22-24,44,1 Corinthians 3
,Thu,Deuteronomy 3,Genesis 39,Proverbs 4,2 Chronicles 9,Leviticus 25-27,45,1 Corinthians 4
,Fri,Deuteronomy 4,Genesis 40,Proverbs 5,2 Chronicles 10,Numbers 1-3,46,1 Corinthians 5
,,,,,,,,
9,Mon,Deuteronomy 5,Genesis 41,Proverbs 6,2 Chronicles 11,Numbers 4-6,47-48,1 Corinthians 6
,Tue,Deuteronomy 6,Genesis 42,Proverbs 7,2 Chronicles 12,Numbers 7-9,49,1 Corinthians 7
,Wed,Deuteronomy 7,Genesis 43,Proverbs 8,2 Chronicles 13,Numbers 10-12,50,1 Corinthians 8
,Thu,Deuteronomy 8,Genesis 44,Proverbs 9,2 Chronicles 14,Numbers 13-15,51,1 Corinthians 9
,Fri,Deuteronomy 9,Genesis 45,Proverbs 10,2 Chronicles 15,Numbers 16-18,52,1 Corinthians 10
,,,,,,,,
10,Mon,Joshua 1,Genesis 46,Proverbs 11,2 Chronicles 16,Numbers 19-21,53,1 Corinthians 11
,Tue,Joshua 2,Genesis 47,Proverbs 12,2 Chronicles 17,Numbers 22-24,54,1 Corinthians 12
,Wed,Joshua 3,Genesis 48,Proverbs 13,2 Chronicles 18,Numbers 25-27,55,1 Corinthians 13
,Thu,Joshua 4,Genesis 49,Proverbs 14,2 Chronicles 19,Numbers 28-30,56,1 Corinthians 14
,Fri,Joshua 5,Genesis 50,Proverbs 15,2 Chronicles 20,Numbers 31-33,57-58,1 Corinthians 15
,,,,,,,,
11,Mon,Joshua 6,Exodus 1,Proverbs 16,2 Chronicles 21,Numbers 34-36,59,1 Corinthians 16
,Tue,Joshua 7,Exodus 2,Proverbs 17,2 Chronicles 22,Deuteronomy 1-4,60-61,Philippians 1
,Wed,Joshua 8,Exodus 3,Proverbs 18,2 Chronicles 23,Deuteronomy 5-7,62,Philippians 2
,Thu,Joshua 9,Exodus 4,Proverbs 19,2 Chronicles 24,Deuteronomy 8-10,63,Philippians 3
,Fri,Joshua 10,Exodus 5,Proverbs 20,2 Chronicles 25,Deuteronomy 11-13,64,Philippians 4
,,,,,,,,
12,Mon,Joshua 24,Exodus 6,Proverbs 21,2 Chronicles 26,Deuteronomy 14-16,65,Philemon 1
,Tue,Judges 1,Exodus 7,Proverbs 22,2 Chronicles 27,Deuteronomy 17-19,66,Colossians 1
,Wed,Judges 2,Exodus 8,Proverbs 23,2 Chronicles 28,Deuteronomy 20-22,67,Colossians 2
,Thu,1 Samuel 1,Exodus 9,Proverbs 24,Hosea 1,Deuteronomy 23-25,68,Colossians 3
,Fri,1 Samuel 2,Exodus 10,Proverbs 25,Hosea 2,Deuteronomy 26-28,69-70,Colossians 4
,,,,,,,,
13,Mon,1 Samuel 3,Exodus 11,Proverbs 26,Hosea 3,Deuteronomy 29-31,71,Ephesians 1
,Tue,1 Samuel 8,Exodus 12,Proverbs 27,Hosea 4,Deuteronomy 32-34,72,Ephesians 2
,Wed,1 Samuel 9,Exodus 13,Proverbs 28,Hosea 5,Joshua 1-3,73,Ephesians 3
,Thu,1 Samuel 10,Exodus 14,Proverbs 29,Hosea 6,Joshua 4-6,74,Ephesians 4
,Fri,1 Samuel 11,Exodus 15,Proverbs 30,Hosea 7,Joshua 7-9,75-76,Ephesians 5
,,,,,,,,
14,Mon,1 Samuel 15,Exodus 16,Proverbs 31,Hosea 8,Joshua 10-12,77,Ephesians 6
,Tue,1 Samuel 16,Exodus 17,Ecclesiastes 1,Hosea 9,Joshua 13-15,78,Matthew 1
,Wed,1 Samuel 17,Exodus 18,Ecclesiastes 2,Hosea 10,Joshua 16-18,79,Matthew 2
,Thu,2 Samuel 5,Exodus 19,Ecclesiastes 3,Hosea 11,Joshua 19-21,80,Matthew 3
,Fri,2 Samuel 7,Exodus 20,Ecclesiastes 4,Hosea 12,Joshua 22-24,81-82,Matthew 4
,,,,,,,,
15,Mon,2 Samuel 23,Exodus 21,Ecclesiastes 5,Hosea 13,Judges 1-3,83,Matthew 5
,Tue,1 Kings 1,Exodus 22,Ecclesiastes 6,Hosea 14,Judges 4-6,84-85,Matthew 6
,Wed,1 Kings 2,Exodus 23,Ecclesiastes 7,2 Chronicles 29,Judges 7-9,86,Matthew 7
,Thu,1 Kings 3,Exodus 24,Ecclesiastes 8,2 Chronicles 30,Judges 10-12,87,Matthew 8
,Fri,1 Kings 4,Exodus 25,Ecclesiastes 9,2 Chronicles 31,Judges 13-15,88,Matthew 9
,,,,,,,,
16,Mon,1 Kings 8,Exodus 26,Ecclesiastes 10,2 Chronicles 32,Judges 16-18,89,Matthew 10
,Tue,1 Kings 12,Exodus 27,Ecclesiastes 11,2 Chronicles 33,Judges 19-21,90,Matthew 11
,Wed,1 Kings 17,Exodus 28,Ecclesiastes 12,2 Chronicles 34,Ruth 1-4,91,Matthew 12
,Thu,1 Kings 18,Exodus 29,Song of Solomon 1,2 Chronicles 35,1 Samuel 1-3,92-93,Matthew 13
,Fri,2 Kings 1,Exodus 30,Song of Solomon 2,2 Chronicles 36,1 Samuel 4-6,94,Matthew 14
,,,,,,,,
17,Mon,2 Kings 2,Exodus 31,Song of Solomon 3,Jeremiah 1,1 Samuel 7-9,95,Matthew 15
,Tue,2 Kings 3,Exodus 32,Song of Solomon 4,Jeremiah 2,1 Samuel 10-12,96,Matthew 16
,Wed,2 Kings 4,Exodus 33,Song of Solomon 5,Jeremiah 3,1 Samuel 13-15,97,Matthew 17
,Thu,2 Kings 5,Exodus 34,Song of Solomon 6,Jeremiah 4,1 Samuel 16-18,98,Matthew 18
,Fri,2 Kings 17,Exodus 35,Song of Solomon 7,Jeremiah 5,1 Samuel 19-21,99-100,Matthew 19
,,,,,,,,
18,Mon,2 Kings 18,Exodus 36,Song of Solomon 8,Jeremiah 6,1 Samuel 22-24,101-102,Matthew 20
,Tue,2 Kings 19,Exodus 37,1 Kings 12,Jeremiah 7,1 Samuel 25-27,103,Matthew 21
,Wed,2 Kings 20,Exodus 38,1 Kings 13,Jeremiah 8,1 Samuel 28-31,104,Matthew 22
,Thu,2 Kings 21,Exodus 39,1 Kings 14,Jeremiah 9,2 Samuel 1-3,105,Matthew 23
,Fri,2 Kings 22,Exodus 40,1 Kings 15,Jeremiah 10,2 Samuel 4-6,106,Matthew 24
,,,,,,,,
19,Mon,2 Kings 23,Leviticus 1,1 Kings 16,Jeremiah 11,2 Samuel 7-9,107,Matthew 25
,Tue,2 Kings 24,Leviticus 2,1 Kings 17,Jeremiah 12,2 Samuel 10-12,108,Matthew 26
,Wed,2 Kings 25,Leviticus 3,1 Kings 18,Jeremiah 13,2 Samuel 13-15,109,Matthew 27
,Thu,Ezra 1,Leviticus 4,1 Kings 19,Jeremiah 14,2 Samuel 16-18,110,Matthew 28
,Fri,Ezra 2,Leviticus 5,1 Kings 20,Jeremiah 15,2 Samuel 19-21,111-112,2 Corinthians 1
,,,,,,,,
20,Mon,Ezra 3,Leviticus 6,1 Kings 21,Jeremiah 16,2 Samuel 22-24,113,2 Corinthians 2
,Tue,Ezra 4,Leviticus 7,1 Kings 22,Jeremiah 17,1 Kings 1-4,114,2 Corinthians 3
,Wed,Ezra 5,Leviticus 8,2 Kings 1,Jeremiah 18,1 Kings 5-7,115,2 Corinthians 4
,Thu,Ezra 6,Leviticus 9,2 Kings 2,Jeremiah 19,1 Kings 8-10,116-117,2 Corinthians 5
,Fri,Nehemiah 1,Leviticus 10,2 Kings 3,Jeremiah 20,1 Kings 11-13,118,2 Corinthians 6
,,,,,,,,
21,Mon,Nehemiah 2,Leviticus 11,2 Kings 4,Jeremiah 21,1 Kings 14-16,119,2 Corinthians 7
,Tue,Nehemiah 3,Leviticus 12,2 Kings 5,Jeremiah 22,1 Kings 17-19,119,2 Corinthians 8
,Wed,Nehemiah 4,Leviticus 13,2 Kings 6,Jeremiah 23,1 Kings 20-22,119,2 Corinthians 9
,Thu,Nehemiah 5,Leviticus 14,2 Kings 7,Jeremiah 24,2 Kings 1-3,119,2 Corinthians 10
,Fri,Nehemiah 6,Leviticus 15,2 Kings 8,Jeremiah 25,2 Kings 4-6,119,2 Corinthians 11
,,,,,,,,
22,Mon,Nehemiah 8,Leviticus 16,2 Kings 9,Jeremiah 26,2 Kings 7-9,120-121,2 Corinthians 12
,Tue,Nehemiah 9,Leviticus 17,2 Kings 10,Jeremiah 27,2 Kings 10-12,122,2 Corinthians 13
,Wed,Job 1,Leviticus 18,2 Kings 11,Jeremiah 28,2 Kings 13-15,123,Romans 1
,Thu,Job 2,Leviticus 19,2 Kings 12,Jeremiah 29,2 Kings 16-18,124,Romans 2
,Fri,Job 19,Leviticus 20,2 Kings 13,Jeremiah 30,2 Kings 19-21,125-126,Romans 3
,,,,,,,,
23,Mon,Job 38,Leviticus 21,2 Kings 14,Jeremiah 31,2 Kings 22-25,127-128,Romans 4
,Tue,Job 39,Leviticus 22,Joel 1,Jeremiah 32,1 Chronicles 1-3,129,Romans 5
,Wed,Job 40,Leviticus 23,Joel 2,Jeremiah 33,1 Chronicles 4-6,130,Romans 6
,Thu,Job 41,Leviticus 24,Joel 3,Jeremiah 34,1 Chronicles 7-9,131,Romans 7
,Fri,Job 42,Leviticus 25,Amos 1,Jeremiah 35,1 Chronicles 10-12,132,Romans 8
,,,,,,,,
24,Mon,Psalm 1,Leviticus 26,Amos 2,Jeremiah 36,1 Chronicles 13-15,133-134,Romans 9
,Tue,Psalm 2,Leviticus 27,Amos 3,Jeremiah 37,1 Chronicles 16-18,135,Romans 10
,Wed,Psalm 8,Numbers 1,Amos 4,Jeremiah 38,1 Chronicles 19-21,136,Romans 11
,Thu,Psalm 16,Numbers 2,Amos 5,Jeremiah 39,1 Chronicles 22-24,137,Romans 12
,Fri,Psalm 19,Numbers 3,Amos 6,Jeremiah 40,1 Chronicles 25-27,138,Romans 13
,,,,,,,,
25,Mon,Psalm 22,Numbers 4,Amos 7,Jeremiah 41,1 Chronicles 28-29,139,Romans 14
,Tue,Psalm 23,Numbers 5,Amos 8,Jeremiah 42,2 Chronicles 1-3,140,Romans 15
,Wed,Psalm 31,Numbers 6,Amos 9,Jeremiah 43,2 Chronicles 4-6,141-142,Romans 16
,Thu,Psalm 32,Numbers 7,Jonah 1,Jeremiah 44,2 Chronicles 7-9,143,Luke 1
,Fri,Psalm 34,Numbers 8,Jonah 2,Jeremiah 45,2 Chronicles 10-12,144,Luke 2
,,,,,,,,
26,Mon,Psalm 51,Numbers 9,Jonah 3,Jeremiah 46,2 Chronicles 13-15,145,Luke 3
,Tue,Psalm 62,Numbers 10,Jonah 4,Jeremiah 47,2 Chronicles 16-18,146,Luke 4
,Wed,Psalm 63,Numbers 11,2 Kings 15,Jeremiah 48,2 Chronicles 19-21,147,Luke 5
,Thu,Psalm 72,Numbers 12,2 Kings 16,Jeremiah 49,2 Chronicles 22-24,148,Luke 6
,Fri,Psalm 73,Numbers 13,2 Kings 17,Jeremiah 50,2 Chronicles 25-27,149-150,Luke 7
,,,,,,,,
27,Mon,Psalm 90,Numbers 14,2 Kings 18,Jeremiah 51,2 Chronicles 28-30,1-2,Luke 8
,Tue,Psalm 103,Numbers 15,2 Kings 19,Jeremiah 52,2 Chronicles 31-33,3,Luke 9
,Wed,Psalm 104,Numbers 16,2 Kings 20,,2 Chronicles 34-36,4,Luke 10
,Thu,Psalm 121,Numbers 17,Micah 1,,Ezra 1-4,5,Luke 11
,Fri,Psalm 139,Numbers 18,Micah 2,,Ezra 5-7,6,Luke 12
,,,,,,,,
28,Mon,Proverbs 1,Numbers 19,Micah 3,Lamentations 1,Ezra 8-10,7,Luke 13
,Tue,Proverbs 2,Numbers 20,Micah 4,Lamentations 2,Nehemiah 1-3,8,Luke 14
,Wed,Proverbs 3,Numbers 21,Micah 5,Lamentations 3,Nehemiah 4-6,9-10,Luke 15
,Thu,Isaiah 6,Numbers 22,Micah 6,Lamentations 4,Nehemiah 7-9,11,Luke 16
,Fri,Isaiah 9,Numbers 23,Micah 7,Lamentations 5,Nehemiah 10-13,12,Luke 17
,,,,,,,,
29,Mon,Isaiah 11,Numbers 24,Isaiah 1,Ezekiel 1,Esther 1-3,13-14,Luke 18
,Tue,Isaiah 25,Numbers 25,Isaiah 2,Ezekiel 2,Esther 4-6,15,Luke 19
,Wed,Isaiah 40,Numbers 26,Isaiah 3,Ezekiel 3,Esther 7-10,16,Luke 20
,Thu,Isaiah 53,Numbers 27,Isaiah 4,Ezekiel 4,Job 1-3,17,Luke 21
,Fri,Isaiah 61,Numbers 28,Isaiah 5,Ezekiel 5,Job 4-6,18,Luke 22
,,,,,,,,
30,Mon,Jeremiah 23,Numbers 29,Isaiah 6,Ezekiel 6,Job 7-9,19,Luke 23
,Tue,Jeremiah 31,Numbers 30,Isaiah 7,Ezekiel 7,Job 10-12,20,Luke 24
,Wed,Ezekiel 34,Numbers 31,Isaiah 8,Ezekiel 8,Job 13-15,21,Acts 1
,Thu,Ezekiel 36,Numbers 32,Isaiah 9,Ezekiel 9,Job 16-18,22,Acts 2
,Fri,Ezekiel 37,Numbers 33,Isaiah 10,Ezekiel 10,Job 19-21,23-24,Acts 3
,,,,,,,,
31,Mon,Luke 1,Numbers 34,Isaiah 11,Ezekiel 11,Job 22-24,25,Acts 4
,Tue,Luke 2,Numbers 35,Isaiah 12,Ezekiel 12,Job 25-27,26,Acts 5
,Wed,Luke 3,Numbers 36,Isaiah 13,Ezekiel 13,Job 28-30,27,Acts 6
,Thu,John 1,Deuteronomy 1,Isaiah 14,Ezekiel 14,Job 31-33,28-29,Acts 7
,Fri,John 2,Deuteronomy 2,Isaiah 15,Ezekiel 15,Job 34-36,30,Acts 8
,,,,,,,,
32,Mon,John 3,Deuteronomy 3,Isaiah 16,Ezekiel 16,Job 37-39,31,Acts 9
,Tue,Mark 1,Deuteronomy 4,Isaiah 17,Ezekiel 17,Job 40-42,32,Acts 10
,Wed,Mark 2,Deuteronomy 5,Isaiah 18,Ezekiel 18,Proverbs 1-3,33,Acts 11
,Thu,Mark 3,Deuteronomy 6,Isaiah 19,Ezekiel 19,Proverbs 4-6,34,Acts 12
,Fri,Mark 4,Deuteronomy 7,Isaiah 20,Ezekiel 20,Proverbs 7-9,35,Acts 13
,,,,,,,,
33,Mon,Matthew 5,Deuteronomy 8,Isaiah 21,Ezekiel 21,Proverbs 10-12,36,Acts 14
,Tue,Matthew 6,Deuteronomy 9,Isaiah 22,Ezekiel 22,Proverbs 13-15,37,Acts 15
,Wed,Matthew 7,Deuteronomy 10,Isaiah 23,Ezekiel 23,Proverbs 16-18,38,Acts 16
,Thu,Luke 7,Deuteronomy 11,Isaiah 24,Ezekiel 24,Proverbs 19-21,39,Acts 17
,Fri,Mark 5,Deuteronomy 12,Isaiah 25,Ezekiel 25,Proverbs 22-24,40,Acts 18
,,,,,,,,
34,Mon,Luke 9,Deuteronomy 13,Isaiah 26,Ezekiel 26,Proverbs 25-27,41,Acts 19
,Tue,Luke 10,Deuteronomy 14,Isaiah 27,Ezekiel 27,Proverbs 28-29,42-43,Acts 20
,Wed,Luke 14,Deuteronomy 15,Isaiah 28,Ezekiel 28,Proverbs 30-31,44,Acts 21
,Thu,Luke 15,Deuteronomy 16,Isaiah 29,Ezekiel 29,Ecclesiastes 1-3,45,Acts 22
,Fri,Luke 16,Deuteronomy 17,Isaiah 30,Ezekiel 30,Ecclesiastes 4-6,46,Acts 23
,,,,,,,,
35,Mon,Luke 17,Deuteronomy 18,Isaiah 31,Ezekiel 31,Ecclesiastes 7-9,47-48,Acts 24
,Tue,Luke 18,Deuteronomy 19,Isaiah 32,Ezekiel 32,Ecclesiastes 10-12,49,Acts 25
,Wed,John 10,Deuteronomy 20,Isaiah 33,Ezekiel 33,Song of Solomon 1-3,50,Acts 26
,Thu,John 11,Deuteronomy 21,Isaiah 34,Ezekiel 34,Song of Solomon 4-6,51,Acts 27
,Fri,Luke 19,Deuteronomy 22,Isaiah 35,Ezekiel 35,Song of Solomon 7-8,52,Acts 28
,,,,,,,,
36,Mon,Matthew 22,Deuteronomy 23,Isaiah 36,Ezekiel 36,Isaiah 1-3,53,1 Timothy 1
,Tue,John 13,Deuteronomy 24,Isaiah 37,Ezekiel 37,Isaiah 4-6,54,1 Timothy 2
,Wed,John 14,Deuteronomy 25,Isaiah 38,Ezekiel 38,Isaiah 7-9,55,1 Timothy 3
,Thu,John 15,Deuteronomy 27,Isaiah 39,Ezekiel 39,Isaiah 10-12,56,1 Timothy 4
,Fri,John 16,Deuteronomy 28,Isaiah 40,Ezekiel 40,Isaiah 13-15,57-58,1 Timothy 5
,,,,,,,,
37,Mon,John 17,Deuteronomy 29,Isaiah 41,Ezekiel 41,Isaiah 16-18,59,1 Timothy 6
,Tue,Luke 22,Deuteronomy 30,Isaiah 42,Ezekiel 42,Isaiah 19-21,60-61,Titus 1
,Wed,Luke 23,Deuteronomy 31,Isaiah 43,Ezekiel 43,Isaiah 22-24,62,Titus 2
,Thu,Luke 24,Deuteronomy 32,Isaiah 44,Ezekiel 44,Isaiah 25-27,63,Titus 3
,Fri,John 20,Deuteronomy 33,Isaiah 45,Ezekiel 45,Isaiah 28-30,64,1 Peter 1
,,,,,,,,
38,Mon,John 21,Deuteronomy 34,Isaiah 46,Ezekiel 46,Isaiah 31-33,65,1 Peter 2
,Tue,Acts 1,Joshua 1,Isaiah 47,Ezekiel 47,Isaiah 34-36,66,1 Peter 3
,Wed,Acts 2,Joshua 2,Isaiah 48,Ezekiel 48,Isaiah 37-39,67,1 Peter 4
,Thu,Acts 3,Joshua 3,Isaiah 49,Obadiah 1,Isaiah 40-42,68,1 Peter 5
,Fri,Acts 4,Joshua 4,Isaiah 50,,Isaiah 43-45,69-70,2 Timothy 1
,,,,,,,,
39,Mon,Acts 5,Joshua 5,Isaiah 51,Daniel 1,Isaiah 46-48,71,2 Timothy 2
,Tue,Acts 6,Joshua 6,Isaiah 52-53,Daniel 2,Isaiah 49-51,72,2 Timothy 3
,Wed,Acts 7,Joshua 7,Isaiah 54,Daniel 3,Isaiah 52-54,73,2 Timothy 4
,Thu,Acts 8,Joshua 8,Isaiah 55,Daniel 4,Isaiah 55-57,74,2 Peter 1
,Fri,Acts 9,Joshua 9,Isaiah 56,Daniel 5,Isaiah 58-60,75-76,2 Peter 2
,,,,,,,,
40,Mon,Acts 10,Joshua 10,Isaiah 57,Daniel 6,Isaiah 61-63,77,2 Peter 3
,Tue,Acts 11,Joshua 11,Isaiah 58,Daniel 7,Isaiah 64-66,78,Jude 1
,Wed,Acts 13,Joshua 12,Isaiah 59,Daniel 8,Jeremiah 1-3,79,Hebrews 1
,Thu,Acts 14,Joshua 13,Isaiah 60,Daniel 9,Jeremiah 4-6,80,Hebrews 2
,Fri,Acts 15,Joshua 14,Isaiah 61,Daniel 10,Jeremiah 7-9,81-82,Hebrews 3
,,,,,,,,
41,Mon,Acts 16,Joshua 15,Isaiah 62,Daniel 11,Jeremiah 10-12,83,Hebrews 4
,Tue,Acts 17,Joshua 16,Isaiah 63,Daniel 12,Jeremiah 13-15,84-85,Hebrews 5
,Wed,Acts 18,Joshua 17,Isaiah 64,,Jeremiah 16-18,86,Hebrews 6
,Thu,Acts 19,Joshua 18,Isaiah 65,,Jeremiah 19-21,87,Hebrews 7
,Fri,Acts 20,Joshua 19,Isaiah 66,,Jeremiah 22-24,88,Hebrews 8
,,,,,,,,
42,Mon,Ephesians 1,Joshua 20,2 Kings 21,Ezra 1,Jeremiah 25-27,89,Hebrews 9
,Tue,Ephesians 2,Joshua 21,2 Kings 22,Ezra 2,Jeremiah 28-30,90,Hebrews 10
,Wed,Ephesians 3,Joshua 22,2 Kings 23,Ezra 3,Jeremiah 31-33,91,Hebrews 11
,Thu,Ephesians 4,Joshua 23,2 Kings 24,Ezra 4,Jeremiah 34-36,92-93,Hebrews 12
,Fri,Ephesians 5,Joshua 24,Nahum 1,Ezra 5,Jeremiah 37-39,94,Hebrews 13
,,,,,,,,
43,Mon,Ephesians 6,Judges 1,Nahum 2,Ezra 6,Jeremiah 40-42,95,John 1
,Tue,Romans 1,Judges 2,Nahum 3,Ezra 7,Jeremiah 43-45,96,John 2
,Wed,Romans 2,Judges 3,Habakkuk 1,Ezra 8,Jeremiah 46-48,97,John 3
,Thu,Romans 3,Judges 4,Habakkuk 2,Ezra 9,Jeremiah 49-52,98,John 4
,Fri,Romans 4,Judges 5,Habakkuk 3,Ezra 10,Lamentations 1-2,99-100,John 5
,,,,,,,,
44,Mon,Romans 5,Judges 6,Zephaniah 1,Nehemiah 1,Lamentations 3-5,101-102,John 6
,Tue,Romans 6,Judges 7-8,Zephaniah 2,Nehemiah 2,Ezekiel 1-3,103,John 7
,Wed,Romans 7,Judges 9,Zephaniah 3,Nehemiah 3,Ezekiel 4-6,104,John 8
,Thu,Romans 8,Judges 10,2 Kings 25,Nehemiah 4,Ezekiel 7-9,105,John 9
,Fri,Romans 9,Judges 11,Job 1-2,Nehemiah 5,Ezekiel 10-12,106,John 10
,,,,,,,,
45,Mon,Romans 10,Judges 12,Job 3,Nehemiah 6,Ezekiel 13-15,107,John 11
,Tue,Romans 11,Judges 13-14,Job 4,Nehemiah 7,Ezekiel 16-18,108,John 12
,Wed,Romans 12,Judges 15,Job 5,Nehemiah 8,Ezekiel 19-21,109,John 13
,Thu,Romans 13,Judges 16,Job 6,Nehemiah 9,Ezekiel 22-24,110,John 14
,Fri,Romans 14,Judges 17,Job 7,Nehemiah 10,Ezekiel 25-27,111-112,John 15
,,,,,,,,
46,Mon,Romans 15,Judges 18,Job 8,Nehemiah 11,Ezekiel 28-30,113,John 16
,Tue,Romans 16,Judges 19,Job 9,Nehemiah 12,Ezekiel 31-33,114,John 17
,Wed,1 Peter 1,Judges 20-21,Job 10,Nehemiah 13,Ezekiel 34-36,115,John 18
,Thu,1 Peter 2,Ruth 1,Job 11,Haggai 1,Ezekiel 37-39,116-117,John 19
,Fri,1 Peter 3,Ruth 2,Job 12,Haggai 2,Ezekiel 40-42,118,John 20
,,,,,,,,
47,Mon,1 Peter 4,Ruth 3,Job 13,Zechariah 1,Ezekiel 43-45,119,John 21
,Tue,1 Peter 5,Ruth 4,Job 14,Zechariah 2,Ezekiel 46-48,119,1 John 1
,Wed,Hebrews 1,1 Samuel 1,Job 15,Zechariah 3,Daniel 1-3,119,1 John 2
,Thu,Hebrews 2,1 Samuel 2,Job 16,Zechariah 4,Daniel 4-6,119,1 John 3
,Fri,Hebrews 3,1 Samuel 3,Job 17,Zechariah 5,Daniel 7-9,119,1 John 4
,,,,,,,,
48,Mon,Hebrews 4,1 Samuel 4,Job 18,Zechariah 6,Daniel 10-12,120-121,1 John 5
,Tue,Hebrews 5,1 Samuel 5,Job 19,Zechariah 7,Hosea 1-4,122,2 John 1
,Wed,Hebrews 6,1 Samuel 6,Job 20,Zechariah 8,Hosea 5-7,123,3 John 1
,Thu,Hebrews 7,1 Samuel 7,Job 21,Zechariah 9,Hosea 8-10,124,Revelation 1
,Fri,Hebrews 8,1 Samuel 8,Job 22,Zechariah 10,Hosea 11-14,125-126,Revelation 2
,,,,,,,,
49,Mon,Hebrews 9,1 Samuel 9,Job 23,Zechariah 11,Joel 1-3,127-128,Revelation 3
,Tue,Hebrews 10,1 Samuel 10,Job 24,Zechariah 12,Amos 1-3,129,Revelation 4
,Wed,Hebrews 11,1 Samuel 11,Job 25,Zechariah 13,Amos 4-6,130,Revelation 5
,Thu,Hebrews 12,1 Samuel 12,Job 26,Zechariah 14,Amos 7-9,131,Revelation 6
,Fri,Hebrews 13,1 Samuel 13,Job 27,,Obadiah 1,132,Revelation 7
,,,,,,,,
50,Mon,1 John 1,1 Samuel 14,Job 28,Esther 1,Jonah 1-4,133-134,Revelation 8
,Tue,1 John 2,1 Samuel 15-16,Job 29,Esther 2,Micah 1-4,135,Revelation 9
,Wed,1 John 3,1 Samuel 17,Job 30,Esther 3,Micah 5-7,136,Revelation 10
,Thu,1 John 4,1 Samuel 18,Job 31,Esther 4,Nahum 1-3,137,Revelation 11
,Fri,1 John 5,1 Samuel 19,Job 32,Esther 5,Habakkuk 1-3,138,Revelation 12
,,,,,,,,
51,Mon,Revelation 1,1 Samuel 20,Job 33,Esther 6,Zephaniah 1-3,139,Revelation 13
,Tue,Revelation 2,1 Samuel 21-22,Job 34,Esther 7,Haggai 1-2,140,Revelation 14
,Wed,Revelation 3,1 Samuel 23,Job 35,Esther 8,Zechariah 1-3,141-142,Revelation 15
,Thu,Revelation 4,1 Samuel 24,Job 36,Esther 9,Zechariah 4-6,143,Revelation 16
,Fri,Revelation 5,1 Samuel 25,Job 37,Esther 10,Zechariah 7-9,144,Revelation 17
,,,,,,,,
52,Mon,Revelation 6,1 Samuel 26,Job 38,Malachi 1,Zechariah 10-12,145,Revelation 18
,Tue,Revelation 7,1 Samuel 27,Job 39,Malachi 2,Zechariah 13-14,146,Revelation 19
,Wed,Revelation 20,1 Samuel 28,Job 40,Malachi 3,Malachi 1-4,147,Revelation 20
,Thu,Revelation 21,1 Samuel 29-30,Job 41,Malachi 4,,148,Revelation 21
,Fri,Revelation 22,1 Samuel 31,Job 42,,,149-150,Revelation 22
